,2,3,4,5,6,7,8,10,11,12,13,14,18,19,20,21,22
Илюхина Мария,1.0,1.0,9.3,0.7,0.7,0.7,"1. Прозрачность процессов в рабочих моментах оставляет желать лучшего. Необходимо улучшить коммуникацию и информирование сотрудников о текущих задачах и планах отдела.
2. Руководитель успешно сочетает ориентацию на команду, учёт интересов сотрудников и соблюдение законодательных нюансов. Это положительно сказывается на атмосфере в коллективе и производительности работы.
3. Взаимодействие с непосредственным руководителем оценивается сотрудниками положительно. Они отмечают поддержку, возможность задать вопросы и обсудить проблемные моменты.",,,,,,,,,,
Ахматова Екатерина Александровна,1.0,1.0,9.8,1.0,1.0,1.0,"1. Сотрудники отмечают, что для полного выстраивания процессов требуется время, но уже есть положительные результаты.
2. Коллектив высоко оценивает вовлечённость, мотивацию и управленческие навыки руководителя Кати.
3. Сотрудники благодарны руководителю за обратную связь и возможность профессионального роста.
4. Коллектив считает Катю прекрасным руководителем, который отлично разбирается в своей работе, поддерживает и развивает сотрудников.

Вывод: сотрудники положительно оценивают работу руководителя Кати, отмечая её вовлечённость, управленческие навыки и способность мотивировать коллектив.",1.0,10.0,1.0,1.0,"**1. Уделять внимание и соседнему отделу.**

Руководитель уделяет внимание не только своему отделу, но и соседнему, что способствует эффективной командной работе и решению общих задач.

**Вывод:** руководитель демонстрирует эффективное взаимодействие с другими отделами, что положительно сказывается на общей работе организации.",,,,,
Губин Павел,1.0,0.8,7.6,1.0,0.8,1.0,"1. Павел — талантливый руководитель, который может служить образцом для подражания.
2. Рекомендуется больше рассказывать команде о глобальных планах.
3. Павел трудолюбив и полезен как специалист, но иногда его темп работы может быть слишком интенсивным для подчинённых.",,,,,,1.0,1.0,10.0,1.0,
Шершнев Павел,1.0,1.0,10.0,0.0,1.0,1.0,"1. Руководитель вызывает положительные эмоции у подчинённых, что является важным показателем эффективности его работы.

Вывод: руководитель эффективен и вызывает доверие у подчинённых.",,,,,,,,,,
Брэдбери Андрей,1.0,1.0,9.3,1.0,1.0,1.0,"1. Все отлично, нет пожеланий.
   - Актуальность и важность: положительный отзыв без конкретных пожеланий указывает на удовлетворённость работой руководителя.
   - Краткая обратная связь: руководитель эффективно выполняет свои обязанности, сотрудники довольны его работой.",,,,,,,,,,
Грязнева Екатерина,1.0,1.0,10.0,1.0,1.0,1.0,"1. Руководитель Екатерина — отличный специалист, который умеет давать конструктивную критику и помогать сотрудникам в сложных ситуациях. С ней легко и приятно работать, она поддерживает коллектив.

Вывод: Екатерина — эффективный и отзывчивый руководитель, который создаёт благоприятную рабочую атмосферу.",,,,,,,,,,
Хлебников Александр,1.0,1.0,8.5,1.0,0.5,1.0,"1. Актуальный и важный пункт: поддержка и одобрение действий руководителя.
2. Краткая обратная связь: сотрудники положительно оценивают работу руководителя и предлагают ему продолжать в том же духе.
3. Вывод: руководитель эффективно выполняет свои обязанности и заслуживает поддержки со стороны подчинённых.",1.0,9.8,1.0,1.0,"1. Александр — отличный руководитель, который проявляет заботу о своём отделе. У него всегда есть свежие идеи, он способен подбодрить сотрудников и дать качественный фидбэк по работе. Также он проявляет эмпатию и понимание к сотрудникам.

2. Рекомендуется чаще проводить встречи с сотрудниками.",,,,,
Критник Игорь,1.0,0.7,8.3,1.0,0.7,0.7,"1. Руководитель сосредоточен на административных функциях и контроле выполнения задач, но не проявляет достаточной гибкости и вовлечённости в развитие команды.
2. Сотрудники высоко оценивают профессиональный подход руководителя, его внимание и тактичность, а также возможность профессионально раскрыться и реализовать интересные задачи.

Вывод: руководитель является компетентным специалистом, однако для повышения эффективности работы команды ему следует уделять больше внимания развитию сотрудников и быть более гибким в управлении.",,,,,,,,,,
Мандельштам Артем,0.0,0.0,3.7,0.0,0.0,0.0,"1. Чаще проводить 1:1 встречи с сотрудниками — это важный пункт, поскольку индивидуальные встречи позволяют руководителю лучше понять потребности и проблемы сотрудников, а также своевременно решить возникающие вопросы.

2. Воспринимать ОС (обратную связь) от своих сотрудников — также важный пункт, так как обратная связь помогает руководителю улучшить свой стиль управления, адаптироваться к изменениям и повысить эффективность работы команды.

**Вывод:** руководителю следует уделить особое внимание проведению 1:1 встреч с сотрудниками и активному восприятию обратной связи для улучшения качества управления и повышения эффективности работы команды.",0.5,8.5,0.5,0.5,"1. Руководитель испытывает нехватку времени для работы с сотрудниками из-за большого количества других задач.

Вывод: руководителю необходимо оптимизировать распределение задач и уделить больше внимания работе с сотрудниками.",,,,,
Маршак Сергей,1.0,1.0,9.8,1.0,1.0,0.5,"1. Руководитель эффективно управляет департаментом через публичные внутренние выступления, что вдохновляет команду.

2. Есть запрос на удовлетворение запросов на обучение и расширение штата при необходимости.",0.7,7.7,0.7,0.3,"1. Руководитель не взаимодействует с подчинёнными, что может негативно сказываться на мотивации и вовлечённости сотрудников.
2. Сотрудники хотят понимать перспективы своего развития в финансовом и профессиональном плане.

Вывод: руководителю следует активнее взаимодействовать с подчинёнными и прояснить перспективы их развития.",,,,,
Жуковский Кирилл,1.0,1.0,10.0,1.0,1.0,1.0,"1. Руководитель Кирилл — большой профессионал и отличный коллега, вопросов по его работе нет и быть не может.

Вывод: руководитель Кирилл вызывает положительные отзывы благодаря своему профессионализму и умению быть хорошим коллегой.",,,,,,1.0,1.0,10.0,1.0,
Ведищева Амелия,0.5,0.8,8.0,0.8,0.5,0.8,"1. Руководитель вызывает положительные эмоции у сотрудников, с ним приятно взаимодействовать.

Вывод: руководитель эффективен в коммуникации и создаёт благоприятную атмосферу в коллективе.",1.0,10.0,1.0,1.0,,,,,,
Губин Иван,1.0,1.0,9.7,1.0,1.0,1.0,"1. Общий положительный отклик на руководителя: сотрудники желают ему удачи в инициативах и поддерживают его стиль работы.
2. Поддержка темпа и инициативности руководителя: сотрудники отмечают отличный темп, заданный руководителем.
3. Отсутствие конкретных предложений по улучшению: нет конкретных идей или предложений по улучшению работы руководителя.
4. Замечание по стилю работы: сотрудники предлагают упростить процесс изменений, чтобы он был более доступным для всех.

Вывод: в целом, руководитель получает положительную обратную связь, но есть небольшие замечания по стилю работы, которые стоит учесть.",1.0,10.0,1.0,1.0,"1. Руководитель производит впечатление профессионала.

Вывод: руководитель вызывает доверие и уважение, что является важным показателем его профессионализма.",0.5,0.5,9.5,1.0,"1. Руководитель вызывает интерес и желание развиваться, что свидетельствует о его способности мотивировать и вдохновлять подчинённых.

**Вывод:** руководитель обладает качествами лидера, способного мотивировать сотрудников на развитие и достижение целей."
Иван Красавцев,,,,,,,,0.0,2.5,0.0,0.0,"1. Не нарушать корпоративную этику в работе с командой.
Вывод: руководитель должен уделять внимание корпоративной этике и строить отношения с командой на основе уважения и взаимопонимания.

2. Не стоит передавать такую ОС напрямую, работа подходит для более опытного менеджера. Взаимодействие с руководителем не заладилось из-за постановки неконкретных задач и требования результата.
Вывод: руководителю следует конкретизировать задачи и обеспечивать подчинённых необходимыми ресурсами для их выполнения.",,,,,
Лондон Андрей,1.0,1.0,7.0,0.0,1.0,1.0,"1. Актуальность и важность: руководитель должен обратить внимание на необходимость расширения и разработки процессов, связанных с развитием компании. Это ключевой аспект для обеспечения устойчивого роста и эффективности работы.

Вывод: руководителю следует уделить приоритетное внимание разработке и внедрению процессов, способствующих развитию компании.",,,,,,0.0,0.0,2.0,,"1. Актуальность и важность: руководитель должен улучшить навыки коммуникации, постановки задач и налаживания взаимодействия с сотрудниками и смежными отделами.

2. Краткая обратная связь: руководителю следует работать над улучшением коммуникативных навыков и умением эффективно ставить задачи.

3. Вывод: для повышения эффективности работы руководителю необходимо сосредоточиться на развитии навыков коммуникации и постановки задач."
Леонтьева Татьяна,0.7,0.7,8.0,0.7,0.7,1.0,"1. **Актуальный и важный пункт:** сотрудники отмечают, что у Татьяны есть некоторые вопросы как у руководителя отдела. В частности, это касается справедливого повышения сотрудников и понятного пути для их развития.

2. **Краткая обратная связь:** руководителю следует обратить внимание на эти аспекты, чтобы улучшить работу отдела и повысить удовлетворённость сотрудников.",,,,,,,,,,
Пушкин Валерий,0.5,0.8,7.5,0.8,0.5,0.8,"1. Актуальный и важный пункт — необходимость уделять больше внимания вопросам мотивации сотрудников подразделения. Это напрямую влияет на эффективность работы и удовлетворённость персонала.
2. Пункт о неизменности вводных данных не является критичным, однако стабильность и предсказуемость также важны для комфортной работы сотрудников.

Вывод: руководителю следует сосредоточиться на улучшении мотивации сотрудников, поскольку это первостепенная задача для повышения эффективности работы подразделения.",1.0,6.6,0.5,0.6,"1. Актуальный и важный пункт — «Хаос в управлении, нужно менять подход».
2. Вывод: руководителю необходимо пересмотреть свой стиль управления и внедрить более структурированные методы работы.",,,,,
Витязев Андрей,0.8,0.8,8.0,1.0,0.8,0.8,"1. Актуальность и важность: внедрение системы трекинга является актуальным и важным предложением, поскольку позволяет повысить эффективность работы и контроль над выполнением задач.

2. Краткая обратная связь: предложение о внедрении системы трекинга заслуживает внимания и может быть рассмотрено для улучшения рабочих процессов.",1.0,8.7,0.7,0.7,"1. Руководитель не доносит до подчинённых информацию о целях, задачах и проектах.

Вывод: необходимо наладить более эффективную коммуникацию между руководителем и подчинёнными, чтобы обеспечить понимание текущих задач и направлений работы.",0.0,0.0,3.0,,"1. Руководитель сталкивается с проблемами в управлении приоритетами и распределении задач, что негативно сказывается на эффективности работы команды.

Вывод: руководителю следует пересмотреть подход к управлению приоритетами и более равномерно распределять задачи между членами команды, чтобы повысить общую продуктивность."
Брагин Дмитрий Владимирович,1.0,1.0,10.0,1.0,1.0,1.0,"1. Всё хорошо, замечаний и предложений нет.

**Вывод:** руководитель успешно выполняет свои обязанности, сотрудники довольны его работой.",,,,,,,,,,
Самохвалов Роман,1.0,1.0,9.3,1.0,1.0,1.0,"1. Предложение о проведении личностностных ретро, где команда может делиться позитивными и негативными событиями и вместе разбирать эти кейсы, является актуальным и важным. Такой формат может способствовать улучшению коммуникации в коллективе, повышению эмпатии и взаимопонимания между сотрудниками.

2. Рекомендация регулярно ходить в отпуск также важна для поддержания работоспособности и эффективности команды. Отдых помогает сотрудникам восстановить силы, снизить уровень стресса и вернуться к работе с новыми идеями и энергией.",,,,,,,,,,
Меринов Сергей,1.0,1.0,10.0,1.0,1.0,1.0,"1. Руководитель вызывает положительные эмоции у подчинённых, что является важным показателем эффективности его работы.

**Вывод:** руководитель успешно выполняет свои обязанности и заслуживает положительной оценки.",,,,,,,,,,
Гарсиа Юрий,1.0,1.0,10.0,1.0,1.0,1.0,"1. Профессионализм руководителя и его способность мотивировать и способствовать личному развитию сотрудников высоко оцениваются коллегами.

2. Чувство юмора руководителя также отмечается положительно.

Вывод: руководитель воспринимается как компетентный и поддерживающий специалист, способный создать позитивную рабочую атмосферу.",0.7,9.7,1.0,1.0,,,,,,
Архетипова Марина,1.0,0.7,7.0,0.7,0.7,1.0,"1. **Актуальность и важность:** предложение о проведении еженедельных «летучек» для совместного принятия решений о сроках выполнения задач является актуальным и важным. Такой подход способствует улучшению коммуникации и координации внутри команды, позволяет оперативно решать возникающие проблемы и повышает общую эффективность работы.

2. **Обратная связь:** предложение заслуживает поддержки и может быть реализовано.

3. **Актуальность и важность:** руководитель должен стремиться к тому, чтобы сотрудники чувствовали себя услышанными и понятыми. Это создаёт благоприятную атмосферу для работы и способствует повышению мотивации и удовлетворённости сотрудников.

4. **Обратная связь:** руководитель должен уделять внимание обратной связи от сотрудников и создавать условия для открытого диалога.",,,,,,,,,,
Белец Вадим,1.0,1.0,9.0,1.0,1.0,1.0,,,,,,,,,,,
Красавцев Иван,1.0,1.0,7.7,0.7,0.3,0.3,,0.9,6.3,0.3,0.7,"1. Руководитель не умеет работать с обратной связью, воспринимает несогласие как угрозу авторитету и реагирует токсично. Это создаёт напряжённую атмосферу в коллективе и препятствует открытому обсуждению проблем и идей.

2. Микроменеджмент со стороны руководителя мешает сотрудникам проявлять инициативу и принимать решения самостоятельно.

3. Руководитель мог бы улучшить свои отношения с коллегами, проявляя больше человекоцентричности и уважения к их мнению.

**Вывод:** руководителю следует развивать навыки работы с обратной связью, отказаться от микроменеджмента и выстраивать более открытые и уважительные отношения с коллегами.",,,,,
Милотова Ольга,1.0,1.0,7.3,0.7,0.7,1.0,"1. Руководитель недостаточно заинтересован в налаживании процессов в работе отдела и развитии сотрудников.
2. Оля даёт обратную связь бережно и конструктивно, открыта к диалогу и готова помочь. Она контролирует работу в меру и даёт сотрудникам свободу.

Вывод: Оля — хороший руководитель, который заботится о своих сотрудниках и открыт к общению с ними. Однако ей стоит проявить больше интереса к налаживанию процессов в работе отдела и развитию сотрудников.",,,,,,,,,,
Маяковский Виталий,1.0,1.0,6.0,0.0,1.0,0.0,"1. Нехватка обратной связи и передачи знаний о вышестоящих процессах в команду, а также отсутствие презентации новостей — это важный аспект эффективного управления. Руководитель должен обеспечивать своевременное информирование команды о текущих задачах, изменениях и новостях, а также быть готовым ответить на вопросы и предоставить необходимую информацию.

**Вывод:** руководителю следует улучшить коммуникацию с командой, обеспечить регулярную обратную связь и активно делиться информацией о процессах и новостях.",0.7,8.3,0.7,0.7,,,,,,
Шукшин Максим,1.0,1.0,8.0,1.0,1.0,1.0,,0.0,,1.0,0.0,"1. Оценка руководителя некорректна, так как нет прямого рабочего контакта.

Вывод: для более объективной оценки необходимо наладить прямой рабочий контакт с руководителем.",1.0,1.0,8.0,0.0,"1. Актуальный и важный пункт: поддержка и мотивация.
   - Руководитель вдохновляет сотрудников и поддерживает их, что создаёт благоприятную атмосферу для работы и развития.

   Вывод: руководитель является сильным лидером, который мотивирует команду на достижение целей."
Василий Щукин,1.0,1.0,8.0,1.0,1.0,1.0,"1. Руководитель мог бы активнее вовлекать подчинённых в технический менеджмент, проявлять больше инициативы.

Вывод: руководителю стоит обратить внимание на стиль управления и активнее включать подчинённых в процесс принятия технических решений.",1.0,8.0,1.0,1.0,,,,,,
Паша Брежнев,,,,,,,,,,,,,1.0,1.0,8.0,1.0,"1. Отзыв положительный, руководитель оценивается как способный эффективно управлять процессами. Рекомендуется уделить внимание оптимизации продуктового портфеля, сосредоточившись на меньшем количестве продуктов и инициатив для повышения их качества и эффективности.

Вывод: руководитель оценивается положительно, но есть потенциал для улучшения управления продуктовым портфелем."
Бродский Александр,1.0,0.8,7.6,0.6,0.6,0.6,"1. Высокий объём операционной работы у руководителя может мешать более глубокой работе с командой. Необходимо оптимизировать рабочие процессы, чтобы освободить время для стратегического планирования и развития команды.
2. Отсутствуют идеи. Возможно, руководителю стоит провести мозговой штурм с командой или обратиться к опыту коллег для генерации новых идей.",,,,,,,,,,
Манн Юлия,0.7,0.7,5.7,0.7,0.7,0.3,"1. Руководитель должен чаще давать оценку задачам, чтобы сотрудники понимали правильность вектора работы. Также стоит проводить общие встречи лидеров функций для синхронизации и повышения прозрачности текущих процессов в департаменте.

2. Руководитель должен разработать стратегию и верхнеуровневый план развития подразделения, а также качественные метрики, которые будут влиять на бизнес и вовлечённость сотрудников.

3. Руководитель должен повысить прозрачность внутри команды: открыто освещать структурные изменения и перемещения, чтобы работа каждой функции была понятна другим функциям.",0.8,8.6,0.9,0.8,"1. Улучшить коммуникацию и внедрить общекомандные показатели работы для повышения эффективности взаимодействия между отделами.
2. Провести оценку всех подразделений и их участие в крупных проектах для оценки работы и взаимодействия.
3. Разработать общую картину целей и плана на год для повышения мотивации и снижения ощущения неважности отдела.
4. Увеличить частоту взаимодействия с командой, делиться стратегическим видением и информацией о потребностях бизнеса.
5. Конкретизировать задачи, учитывая возможности и ограничения руководителя.

Вывод: необходимо улучшить коммуникацию, разработать общие цели и показатели работы, а также чаще делиться стратегическим видением с командой.",1.0,1.0,7.0,1.0,
Блажник Алексей Евгеньевич,1.0,1.0,10.0,1.0,1.0,1.0,,,,,,,,,,,
Московская Евгения,1.0,1.0,10.0,1.0,0.5,1.0,"1. Все супер!

* Краткая обратная связь: руководитель получает положительные отзывы, что указывает на его эффективность и умение создавать комфортную рабочую атмосферу.
* Вывод: руководитель успешно справляется со своими обязанностями и пользуется уважением и поддержкой коллектива.",,,,,,,,,,
Критник Евгений,1.0,1.0,10.0,1.0,1.0,1.0,,,,,,,,,,,
Васильев Александр,0.5,1.0,6.5,0.5,0.5,0.5,"1. Руководитель старается вести коммуникации в позитивном ключе и прислушивается к мнению сотрудников в их специализации.
2. В команде царит отличная атмосфера, коллеги поддерживают друг друга, а руководитель (Александр Васильев) является профессионалом своего дела и готов помочь по любому вопросу.

Вывод: руководитель старается создать благоприятную рабочую атмосферу и поддерживать коммуникацию с сотрудниками.",1.0,9.0,1.0,1.0,,1.0,1.0,10.0,1.0,
Екатерина Грязнева,1.0,1.0,10.0,1.0,1.0,1.0,"1. Отзыв положительный, выражает благодарность и восхищение руководителем.

Вывод: руководитель вызывает положительные эмоции у подчинённых, что является важным показателем эффективности его работы.",,,,,,,,,,
Александр Хлебников,1.0,1.0,10.0,1.0,1.0,1.0,1. Увеличить количество часов в графике на индивидуальные встречи с подчинёнными для более эффективного взаимодействия и решения возникающих вопросов.,1.0,10.0,1.0,1.0,"1. **Сильный и справедливый руководитель!**
   - Актуальность: этот отзыв подчёркивает сильные стороны руководителя, такие как лидерство и справедливость.
   - Вывод: руководитель воспринимается как эффективный лидер, способный мотивировать и вдохновлять подчинённых.

2. **Опыт Саши говорит сам за себя, учусь у него каждый день и не только в профессиональном плане.**
   - Актуальность: этот отзыв указывает на профессионализм и способность руководителя делиться знаниями и опытом.
   - Вывод: руководитель является примером для подчинённых, способным развивать их профессиональные и личностные качества.

**Общий вывод:** руководитель оценивается положительно за свои лидерские качества, профессионализм и способность к обучению и развитию подчинённых.",,,,,
Хармс Александр,1.0,1.0,9.0,1.0,1.0,1.0,"1. Актуальность и важность: просьба о проведении тимбилдинга является актуальной и важной, так как способствует укреплению командного духа и повышению эффективности работы коллектива.

2. Краткая обратная связь: предложение о проведении тимбилдинга следует рассмотреть и, при возможности, реализовать.",1.0,8.5,1.0,0.5,,,,,,
Ульянов Константин,1.0,1.0,9.4,1.0,0.9,1.0,"1. Положительный отзыв: «Да всё отлично!)».
Вывод: руководитель вызывает положительные эмоции у подчинённых, что является хорошим показателем его эффективности.

2. Предложение по улучшению: «Кажется, нам нужны ещё таланты в команду, нужно расширение».
Вывод: сотрудники предлагают расширить команду, что может свидетельствовать о высокой оценке работы руководителя и желании развиваться дальше.",,,,,,,,,,
Ветров  Илья,1.0,1.0,9.2,1.0,1.0,0.8,"1. Руководитель — мастер своего дела с огромным опытом и знаниями, всегда готов выслушать предложения и дать обратную связь.

**Вывод:** руководитель вызывает положительные эмоции и доверие у подчинённых, что является важным показателем эффективности его работы.",1.0,9.2,1.0,1.0,"1. Илья получил благодарность от подчинённого или коллеги.

Вывод: сотрудник положительно оценивает работу руководителя.",,,,,
Диккенс Георгий,,,,,,,,,,,,,1.0,1.0,3.0,0.5,
Клубничкова Дарья,1.0,1.0,8.3,1.0,0.7,1.0,"1. **Наладить коммуникацию с командами и установить внутреннюю структуру действий в процессах, описать новые или непонятные процессы, чтобы любой сотрудник команды мог понимать, как действовать.**

* Актуальность: этот пункт является одним из ключевых для эффективной работы любой команды.
* Вывод: руководитель успешно справляется с задачей налаживания коммуникации и установления внутренней структуры действий. Сотрудники положительно оценивают его работу в этом направлении.

2. **Обратная связь по работе непосредственного руководителя положительная, процесс взаимодействия выстроен хорошо.**

* Актуальность: положительная обратная связь по взаимодействию с руководителем важна для создания благоприятной рабочей атмосферы.
* Вывод: процесс взаимодействия между руководителем и сотрудниками выстроен эффективно, что способствует созданию положительной рабочей атмосферы.",,,,,,,,,,
Гумилева Екатерина,1.0,1.0,9.4,1.0,1.0,1.0,"1. Екатерина — отличный руководитель, который поддерживает и направляет своих подчинённых. Она активно участвует в развитии сотрудников и помогает им улучшать навыки.

2. В представленных отзывах нет конкретных предложений по улучшению работы руководителя.

3. Сотрудники предлагают ввести систему мониторинга нагрузки руководителей и атмосферы в отделах, чтобы оценить эффективность их работы и взаимодействия с командой.",0.8,9.4,1.0,0.8,"1. **Коммуникация разорвана с остальными подразделениями, зачастую нет чёткого процесса и понимания, кто за что отвечает.**
   - Актуальность: это ключевой момент, который влияет на эффективность работы всего отдела.
   - Вывод: необходимо улучшить коммуникацию между подразделениями, разработать чёткие зоны ответственности и процессы для повышения эффективности работы.

2. **Руководитель обладает экспертизой, пониманием работы команды и других направлений, вызывает доверие, честность и открытость, заинтересован в развитии сотрудников.**
   - Актуальность: личные качества руководителя важны для создания благоприятной рабочей атмосферы.
   - Вывод: руководитель обладает положительными качествами, которые способствуют успешной работе отдела.

3. **Поставленные задачи понятные, обратная связь по работе руководителя положительная.**
   - Актуальность: понимание задач и положительная обратная связь важны для мотивации сотрудников.
   - Вывод: задачи ставятся чётко, обратная связь положительная, что способствует эффективной работе отдела.",,,,,
Инокеньтев Иван,0.3,0.3,4.6,0.4,0.4,0.6,"1. Быть жёстче с приоритетами — этот пункт указывает на необходимость более чёткого определения и соблюдения приоритетов в работе. Руководитель должен уметь эффективно распределять ресурсы и время, чтобы обеспечить выполнение наиболее важных задач.

**Вывод:** руководителю следует уделить внимание улучшению навыков управления приоритетами, чтобы повысить эффективность работы и достичь лучших результатов.",,,,,,,,,,
Леонтьев Сергей,1.0,1.0,10.0,1.0,1.0,1.0,,,,,,,,,,,
Комаров  Евгений,0.0,0.0,3.0,0.0,0.0,0.0,"1. Руководитель является отличным экспертом в своей сфере и обладает высокой экспертносью. Однако есть потенциал для улучшения управления командой.

Вывод: руководитель обладает необходимыми знаниями и навыками, но есть возможности для развития управленческих качеств.",,,,,,,,,,
Горбанидце Иосиф,1.0,1.0,10.0,1.0,1.0,1.0,,0.5,10.0,1.0,0.5,"1. Руководитель (Иосиф) является настоящим лидером, который хорошо понимает глобальные цели и задачи компании и департамента и транслирует их сотрудникам. Он доступен для сотрудников, готов прийти на помощь и максимально нацелен на результат.

**Вывод:** руководитель обладает необходимыми качествами лидера, что положительно сказывается на работе коллектива.",,,,,
Генадьенко  Татьяна,1.0,0.7,6.7,1.0,0.7,0.3,,,,,,,,,,,
Сугробов Евгений,1.0,1.0,10.0,1.0,1.0,1.0,,,,,,,,,,,
Шоу Александр,,,,,,,,,,,,,1.0,1.0,6.0,1.0,
Лесова Юлия,0.5,1.0,7.0,1.0,0.5,0.2,"1. Не хватает инструмента оценки 360.
   - Актуальность: высокая, так как оценка 360 позволяет получить всестороннюю обратную связь о работе руководителя.
   - Вывод: внедрить инструмент оценки 360 для улучшения взаимодействия с сотрудниками и повышения эффективности работы.

2. Прислушиваться к обратной связи сотрудников по вводимым изменениям.
   - Актуальность: важная, поскольку учёт мнения сотрудников способствует повышению их мотивации и удовлетворённости работой.
   - Вывод: руководитель должен активно слушать и учитывать обратную связь сотрудников при внедрении изменений.

3. Разработать план адаптации для новых сотрудников и донести до наставников, что им надо делать.
   - Актуальность: средняя, так как адаптация новых сотрудников важна для их быстрого включения в работу и снижения текучести кадров.
   - Вывод: создать и внедрить эффективный план адаптации для новых сотрудников, а также обеспечить понимание наставниками своих задач.",,,,,,,,,,
Александер Хлебников,,,,,,,,1.0,10.0,1.0,1.0,,,,,,
Суворов  Денис,1.0,1.0,8.7,1.0,0.7,0.7,,,,,,,0.5,1.0,8.0,0.5,"1. Руководитель не занимается планированием деятельности подразделения, не выстраивает юнит-экономику и не обеспечивает подразделение необходимыми ресурсами.

Вывод: руководителю следует уделить внимание планированию и организации работы подразделения, чтобы повысить его эффективность."
Петунин Сергей,,,,,,,,,,,,,1.0,1.0,10.0,1.0,
Гумилев Фёдор,1.0,1.0,10.0,1.0,1.0,1.0,,,,,,,,,,,
Есенин Сергей,1.0,1.0,7.0,1.0,0.5,0.5,"1. **Прозрачная обратная связь по результатам выполненных задач, возможность карьерного и финансового развития в команде.**

Сотрудник выражает удовлетворение работой в коллективе и подчёркивает важность прозрачной обратной связи, возможности карьерного и финансового роста.

**Вывод:** сотрудник позитивно оценивает работу в команде и предлагает улучшить систему обратной связи и возможности для профессионального и финансового развития.",,,,,,,,,,
Хармс Александр Борисович,,,,,,,,1.0,10.0,1.0,1.0,"1. Руководитель активно вовлечён в работу отделов, что положительно сказывается на общей эффективности работы.
2. Нет вопросов к руководителю, но есть пожелание помочь исправить ситуацию в отделе с текущим руководителем.

Вывод: руководитель демонстрирует высокий уровень вовлечённости и профессионализма, однако есть возможность улучшить работу отдела за счёт оптимизации управления.",,,,,
Сергей Меринов,1.0,1.0,8.0,1.0,0.0,1.0,,,,,,,,,,,
Чуковский Артем,1.0,1.0,10.0,1.0,1.0,1.0,"1. Не хватает ясности критериев для повышения.

Вывод: необходимо уточнить и прописать чёткие критерии для повышения сотрудников, чтобы у них было понимание, чего нужно достичь для карьерного роста.",,,,,,,,,,
Шефнер Максим,,,,,,,,,,,,,1.0,1.0,10.0,1.0,"1. Не хватает прозрачности коммуникаций с другими командами, ясности зон ответственности других команд.

Вывод: руководителю следует улучшить коммуникации между командами, чётко определить зоны ответственности каждой команды для повышения эффективности работы."
Твен Василий,,,,,,,,0.8,9.2,1.0,0.5,"1. Василий Твен эффективно управляет информационными системами организации, обеспечивает их бесперебойную работу и контролирует взаимосвязь с бизнес-процессами.

**Вывод:** руководитель успешно справляется со своими обязанностями и обеспечивает стабильность работы информационных систем.",1.0,1.0,10.0,1.0,
Страдальцев Георгий,,,,,,,,,,,,,1.0,1.0,1.0,0.0,
Брагин Дмитрий,1.0,1.0,8.5,0.5,1.0,1.0,"1. **Краткая обратная связь:** руководитель получает положительные отзывы, его работа оценивается как эффективная и вдохновляющая.

**Вывод:** руководитель успешно выполняет свои обязанности и заслуживает поддержки и одобрения со стороны подчинённых.",1.0,10.0,1.0,1.0,"1. Профессионализм руководителя и его способность мотивировать и способствовать личному развитию сотрудников высоко оцениваются.

Вывод: руководитель эффективен в своей работе, что положительно сказывается на атмосфере в коллективе и способствует профессиональному росту сотрудников.",1.0,1.0,10.0,1.0,"1. Положительная обратная связь указывает на то, что руководитель успешно выполняет свои обязанности и эффективно взаимодействует с подчинёнными.

Вывод: руководитель успешно справляется со своими обязанностями и заслуживает положительной оценки."
Цветаева Елена,1.0,1.0,10.0,1.0,1.0,1.0,"1. Руководитель всегда на связи, что положительно влияет на работу команды.

Вывод: руководитель эффективен и доступен для сотрудников, что способствует продуктивной работе.",,,,,,,,,,
Колокольцев Виктор,1.0,1.0,10.0,1.0,1.0,1.0,"1. Виктор — отличный руководитель, который сочетает в себе профессионализм, гибкость, чуткость и справедливость. Он чётко ставит задачи, контролирует их выполнение, помогает сотрудникам и поддерживает их в случае возникновения сложностей.

**Вывод:** Виктор — эффективный руководитель, который заботится о своих сотрудниках и нацелен на решение проблем, а не на поиск виноватых.",1.0,10.0,1.0,1.0,"1. Руководитель уделяет время сотрудникам, несмотря на свою занятость, что является важным показателем его вовлечённости и заботы о коллективе.

Вывод: руководитель эффективно управляет своим временем и проявляет внимание к сотрудникам, что положительно сказывается на рабочей атмосфере и мотивации команды.",,,,,
Павел Губин,1.0,1.0,8.0,1.0,1.0,1.0,,,,,,,,,,,
Горбанидце Марк,0.5,1.0,9.0,0.5,0.0,0.5,,,,,,,,,,,
Усова Полина,0.0,0.0,6.0,0.0,0.0,0.0,,,,,,,,,,,
Незнаева Александра,,,,,,,,,,,,,1.0,1.0,9.0,1.0,"1. Александра прекрасно замещала руководителя отдела на период декретного отпуска.

Вывод: Александра показала себя как компетентный и эффективный заместитель, способный успешно выполнять обязанности руководителя отдела."
Ахматова Екатерина Вадимовна,1.0,1.0,10.0,1.0,1.0,1.0,"1. Руководитель вызывает положительные эмоции у подчинённых, его хвалят за профессионализм и умение создавать комфортную рабочую атмосферу.
2. Коллектив доволен работой руководителя и поддерживает его.
3. Сотрудники удовлетворены условиями работы в отделе.

Вывод: руководитель пользуется уважением и поддержкой среди своих подчинённых.",,,,,,,,,,
Брюсова Надежда,1.0,0.5,8.5,1.0,0.5,1.0,,,,,,,,,,,
Генадьенко  Татьяна Леонтьевна,1.0,0.5,7.5,1.0,1.0,1.0,"**Вывод:** руководитель демонстрирует стремление к улучшению качества своей работы, в частности, к более деликатному общению и систематизации отчётов и таблиц. Однако есть потенциал для усиления конструктивной обратной связи с подчинёнными, чтобы они могли лучше понимать свои задачи и прогресс в их выполнении.",,,,,,,,,,
Пастернак Роман,1.0,1.0,9.6,1.0,0.8,1.0,"1. Большинство сотрудников положительно оценивают руководителя, называя его лучшим из тех, с кем им приходилось работать.
2. Сотрудники отмечают, что обратная связь от руководителя всегда предоставляется и работа организована эффективно.
3. Есть предложение добавить удалённый день работы.

Вывод: сотрудники высоко оценивают работу руководителя и предлагают добавить возможность удалённой работы.",,,,,,,,,,
Гумилева Екатерина Николаевна,1.0,1.0,9.0,1.0,1.0,0.0,,,,,,,,,,,
Бальмонт Кирилл,1.0,1.0,10.0,1.0,1.0,1.0,"**1. Организовать чёткий контроль и придерживаться единого правила работы с объектами инфраструктуры.**

* **Актуальность и важность:** этот пункт подчёркивает необходимость установления эффективных процедур контроля и соблюдения единых стандартов в работе с объектами инфраструктуры. Это важно для обеспечения стабильности, безопасности и эффективности работы.
* **Обратная связь:** руководитель должен разработать и внедрить систему контроля, которая будет включать чёткие процедуры и правила работы с объектами инфраструктуры. Необходимо провести обучение сотрудников, чтобы они понимали и соблюдали эти правила. Также важно регулярно проверять и анализировать работу системы контроля, чтобы вносить необходимые коррективы.

**Вывод:** для повышения эффективности работы необходимо установить чёткие правила и процедуры контроля за объектами инфраструктуры и обеспечить их соблюдение всеми сотрудниками.",,,,,,,,,,
Белая Галина,1.0,1.0,9.0,1.0,1.0,0.0,"1. Руководитель должен чаще проводить встречи 1-1 с подчинёнными, чтобы понимать, в каком направлении двигаться, как развиваться и какие планы у департамента. Также необходимо регулярно проводить обратную связь.

**Вывод:** руководитель должен улучшить коммуникацию с подчинёнными и внедрить регулярную обратную связь для повышения эффективности работы департамента.",,,,,,,,,,
Багрицкий Андрей,1.0,1.0,8.5,1.0,1.0,1.0,"1. Руководитель — прекрасный человек и грамотный специалист, всегда готовый прийти на помощь.

**Вывод:** руководитель вызывает положительные эмоции у подчинённых, что свидетельствует о его эффективности и способности создавать благоприятную рабочую атмосферу.",,,,,,,,,,
Виталий Маяковский,1.0,1.0,9.5,1.0,1.0,1.0,"1. Руководитель вызывает положительные эмоции у подчинённых, его хвалят за профессионализм и личные качества.

Вывод: руководитель пользуется авторитетом и уважением среди подчинённых, что является положительным показателем его эффективности.",1.0,7.5,0.5,0.5,"1. **Рекомендации:** периодически давать позитивный вклад в атмосферу команды для её воодушевления и мотивации; периодически предоставлять команде обновляющуюся информацию о стратегии, целях бизнеса и внедрении новых процессов.

**Краткая обратная связь:** руководитель эффективно поддерживает моральный дух команды и обеспечивает её необходимой информацией для успешной работы.",,,,,
Татьяна Генадьенко !,,,,,,,,,,,,,1.0,1.0,,1.0,"1. Руководитель получает высокую оценку за создание сильной и сплочённой команды.

Вывод: руководитель эффективно управляет коллективом и создаёт благоприятную рабочую атмосферу."
Щукин Василий,0.0,0.0,2.0,0.0,0.0,0.0,"1. Актуальность и важность: руководитель сосредоточен на выполнении менеджерских задач, что является ключевым аспектом эффективного управления.

2. Краткая обратная связь: руководитель демонстрирует компетентность в области менеджмента, эффективно выполняя свои задачи. Это положительно влияет на работу коллектива и достижение общих целей.",,,,,,0.0,0.0,4.0,,
Гиппиус Дарья,0.8,0.5,7.5,0.8,0.8,0.5,"1. Руководитель вызывает восторг у сотрудников.
2. Руководитель проявляет интерес к работе сотрудников и включает их в рабочие процессы.

Вывод: руководитель эффективно взаимодействует с сотрудниками, что способствует созданию благоприятной рабочей атмосферы.",,,,,,,,,,
Маяковский Виталий Владимирович,,,,,,,,1.0,7.0,1.0,1.0,,,,,,
Волошин Илья,0.8,0.8,8.2,0.8,0.8,0.8,"1. **Работа подразделения выстроена оптимально, ничего лишнего, всё устраивает. Лучшее — враг хорошему.**
   - Актуальность и важность: этот отзыв подчёркивает эффективность работы подразделения и удовлетворённость сотрудников текущей организацией работы.
   - Краткая обратная связь: работа подразделения оценивается как эффективная, что положительно сказывается на общей работе команды.

2. **Мне комфортно работать с моим руководителем.**
   - Актуальность и важность: комфорт и удовлетворённость сотрудника взаимодействием с руководителем являются ключевыми факторами для создания позитивной рабочей атмосферы.
   - Краткая обратная связь: руководитель создаёт комфортные условия для работы, что способствует повышению удовлетворённости сотрудников.",,,,,,,,,,
Альфонс Александр,,,,,,,,,,,,,1.0,1.0,10.0,1.0,"1. Саша собрал уникальную команду — это ключевой момент, который подчёркивает его сильные стороны как руководителя.

Вывод: Саша является эффективным лидером, способным собрать вокруг себя талантливых специалистов."
Павел Мережковский,1.0,1.0,10.0,1.0,1.0,1.0,"1. Руководитель устраивает сотрудников, они довольны его работой.

Вывод: руководитель эффективно выполняет свои обязанности и соответствует ожиданиям подчинённых.",,,,,,,,,,
Мандельштам Артём,,,,,,,,0.0,3.0,0.0,0.0,"**Краткая обратная связь:**

1. Руководитель эффективно выстраивает отношения с подчинёнными и способствует командообразованию. Он сохраняет и преумножает профессиональные компетенции сотрудников, ставит понятные и ясные цели, а также оказывает эмоциональную поддержку.

**Вывод:** руководитель успешно справляется со своими обязанностями и создаёт благоприятную рабочую атмосферу.",,,,,
Киплинг Дарья,,,,,,,,,,,,,1.0,1.0,7.0,1.0,
Пирогова Екатерина,1.0,1.0,10.0,1.0,1.0,1.0,,,,,,,,,,,
Евгений Сологуб,1.0,1.0,10.0,1.0,1.0,1.0,"1. Актуальность и важность: положительный отзыв о работе руководителя подтверждает, что он эффективно организует работу коллектива и способствует достижению поставленных целей.

Вывод: руководитель успешно справляется со своими обязанностями, налаживая эффективную работу коллектива.",,,,,,,,,,
Иван Губин,1.0,1.0,10.0,1.0,1.0,1.0,"1. Руководитель делится с командой решениями высшего руководства. Это свидетельствует о его открытости и стремлении к сотрудничеству. Такой подход способствует повышению доверия и мотивации сотрудников.

**Вывод:** руководитель эффективно взаимодействует с командой, делится важной информацией, что положительно сказывается на атмосфере в коллективе и работоспособности сотрудников.",,,,,,,,,,
Ирина Уайльд,,,,,,,,,,,,,1.0,1.0,7.0,1.0,"1. Поддержка и признание рабочей атмосферы: сотрудник выражает поддержку и отмечает напряжённую, но продуктивную рабочую атмосферу.

Вывод: сотрудник позитивно оценивает рабочую обстановку и выражает готовность продолжать работу в таких условиях."
Черный Роман,1.0,1.0,10.0,1.0,1.0,1.0,,,,,,,,,,,
Володин Алексей,1.0,1.0,10.0,1.0,1.0,1.0,"1. Все отлично — руководитель получает высокую оценку от подчинённых или коллег.

Вывод: руководитель эффективен в своей работе, его стиль управления положительно оценивается окружающими.",,,,,,,,,,
Анастасия Тэффи,0.0,0.0,4.0,0.0,0.0,0.0,"**Вывод:** руководителю следует быть более гибкой и открытой к мнению сотрудников, их экспертизе, предоставлять поддержку и помощь.",,,,,,,,,,
Юлия Манн,,,,,,,,1.0,7.0,1.0,0.0,,,,,,
Стругацкий Роман,1.0,1.0,10.0,1.0,1.0,1.0,,,,,,,,,,,
Роллан Маргарита,,,,,,,,,,,,,0.0,1.0,3.0,0.0,"1. Руководитель должен чётко формулировать цели и задачи, а также фиксировать требования к ним. Изменения в требованиях должны оформляться официально.

**Вывод:** руководитель должен улучшить коммуникацию с командой и чётче формулировать задачи."
Лем Виктор,1.0,1.0,10.0,1.0,1.0,1.0,"1. Работать с Виктором комфортно, задачи и критерии их выполнения понятны.

**Вывод:** руководитель Виктор создаёт благоприятную рабочую атмосферу, чётко ставит задачи и устанавливает понятные критерии их выполнения. Это способствует эффективной работе и удовлетворённости сотрудников.",,,,,,0.0,1.0,10.0,1.0,
Александр Махонин,,,,,,,,1.0,10.0,1.0,1.0,,,,,,
Чехова Ксения,1.0,1.0,10.0,1.0,1.0,1.0,,,,,,,,,,,
Толстой Павел,1.0,1.0,9.0,1.0,1.0,1.0,,,,,,,,,,,
Гоголь Эльвира,1.0,1.0,10.0,1.0,1.0,1.0,"1. Руководитель и команда получили высокую оценку за профессионализм и ответственность.

Вывод: руководитель и команда эффективно справляются со своими обязанностями, что вызывает положительные эмоции у сотрудников.",,,,,,,,,,
Белая Полина,1.0,1.0,8.0,1.0,0.0,0.0,,1.0,9.0,1.0,1.0,,,,,,
Андрей Витязев,,,,,,,,1.0,7.0,0.0,0.0,,,,,,
Ахматова Екатерина,,,,,,,,1.0,10.0,1.0,1.0,"1. Руководитель ориентирован на своих подчинённых, что способствует созданию позитивной атмосферы в коллективе.
2. Руководитель способствует сплочению коллектива и поддержанию позитивного настроя.

Вывод: руководитель эффективно выполняет свои обязанности, создавая благоприятную рабочую атмосферу.",,,,,
Лесова Юля,1.0,1.0,9.0,1.0,1.0,1.0,,,,,,,,,,,
Леонтьева Кристина,,,,,,,,,,,,,1.0,1.0,10.0,1.0,"1. Положительная обратная связь: сотрудники высоко оценивают работу руководителя (ПМ — проектного менеджера) Кристины.

Вывод: руководитель вызывает положительные эмоции у подчинённых, что является показателем эффективного управления."
Валерий Пушкин,,,,,,,,,4.0,0.0,0.0,,,,,,
Хемингуэй Дмитрий,1.0,1.0,10.0,1.0,1.0,1.0,,,,,,,,,,,
Кафка Сергей Александрович,1.0,1.0,10.0,1.0,1.0,1.0,,,,,,,,,,,
Пушкин Валерий Иванович,,,,,,,,1.0,10.0,1.0,1.0,,,,,,
Кинг Арина,1.0,1.0,10.0,1.0,1.0,1.0,,,,,,,,,,,
Маршак Сергей Владимирович,1.0,1.0,10.0,1.0,1.0,1.0,"1. Все отлично — руководитель получает положительную оценку от подчинённых или коллег.

Вывод: работа руководителя оценивается положительно, он эффективно выполняет свои обязанности.",,,,,,,,,,
Шукшин Максим Григорьевич,,,,,,,,,,,,,1.0,1.0,10.0,1.0,"1. Все хорошо.

Вывод: руководитель получает положительные отзывы, что свидетельствует о его эффективной работе."
Оруэлл Андрей Вячеславович,1.0,1.0,9.0,1.0,1.0,1.0,,,,,,,,,,,
Ветров  Илья Сергеевич,,,,,,,,1.0,9.0,1.0,1.0,,,,,,
Лермонтов Кирилл,1.0,1.0,10.0,1.0,1.0,1.0,"1. **Актуальный и важный пункт:** позитивный и вдохновляющий отзыв, выражающий поддержку и одобрение руководителя.

2. **Вывод:** руководитель воспринимается как мотивирующий и целеустремлённый лидер, способный вести команду вперёд.",,,,,,,,,,
Гумилева Нина Александровна,0.0,1.0,2.0,0.0,0.0,0.0,,,,,,,,,,,
Ведищева,,,,,,,,,,,,,,,,,
Плавцова Анна,,,,,,,,,,,,,1.0,1.0,8.0,1.0,"1. Руководитель получает положительные отзывы о своей команде, что свидетельствует о его способности создавать благоприятную рабочую атмосферу и формировать эффективную команду.

Вывод: руководитель успешно справляется со своими обязанностями и пользуется уважением среди подчинённых."
Некрасов Максим,1.0,1.0,10.0,1.0,1.0,1.0,,,,,,,,,,,
Кинг Арина Викторовна,1.0,1.0,8.0,1.0,1.0,1.0,,,,,,,,,,,
Грибоедова Ирина,1.0,1.0,10.0,1.0,1.0,1.0,,,,,,,,,,,
Илья Ветров,0.0,0.0,4.0,0.0,0.0,0.0,,,,,,,,,,,
Андрей Оруэлл,,,,,,,,,,,,,,,,,
Горький Александр,1.0,1.0,10.0,1.0,1.0,1.0,"1. Руководитель активно взаимодействует с подчинёнными, учитывает их мнения и предложения, принимает решения или находит альтернативы. Подчинённые чувствуют, что их ценят и позволяют быть собой.

Вывод: руководитель эффективно взаимодействует с подчинёнными, учитывает их мнение и создаёт благоприятную рабочую атмосферу.",,,,,,,,,,
Беглова Анастасия,,,,,,,,,,,,,1.0,1.0,10.0,1.0,"1. Руководитель Настя — замечательный специалист, который своевременно предоставляет обратную связь, чётко распределяет обязанности и ставит задачи. Позитивный настрой, заинтересованность в общении и развитии отдела делают работу с ней приятной.

Вывод: руководитель Настя эффективно выполняет свои обязанности, создаёт позитивную рабочую атмосферу и способствует развитию отдела."
Витязев А.В.,,,,,,,,0.0,5.0,0.0,0.0,"**Краткая обратная связь:**

1. Актуальный и важный пункт — необходимость более активной работы с топ-менеджментом и формирования стратегии.
2. Для повышения эффективности управления рекомендуется усилить взаимодействие с ключевыми руководителями, а также сосредоточиться на разработке и реализации стратегической линии развития.
3. Это поможет улучшить координацию действий, повысить мотивацию сотрудников и достичь поставленных целей.",,,,,
Роулинг Александр,1.0,1.0,10.0,1.0,1.0,1.0,,,,,,,,,,,
Красавцев Иван Губинич,1.0,0.0,4.0,0.0,0.0,0.0,,,,,,,,,,,
Витязев Андрей Викторович,0.0,0.0,5.0,0.0,0.0,0.0,"1. Частая смена решений руководителя негативно влияет на мотивацию сотрудников.

Вывод: руководителю следует проанализировать частоту смены решений и постараться минимизировать её, чтобы повысить мотивацию и эффективность работы команды.",0.0,6.0,0.0,0.0,"1. Руководитель допускает много обесценивающих суждений, что негативно сказывается на атмосфере в коллективе.
2. Рекомендуется руководителю проявлять большее уважение к коллективу, обсуждать предложения по изменениям лично и находить оптимальные решения.

Вывод: руководителю следует пересмотреть стиль общения с коллективом, чтобы улучшить атмосферу и повысить эффективность работы.",,,,,
Щедрина Екатерина,1.0,1.0,10.0,1.0,1.0,1.0,,,,,,,,,,,
Арина Кинг,,,,,,,,1.0,9.0,1.0,1.0,,,,,,
Макродченко Ксения,,,,,,,,,,,,,1.0,1.0,9.0,1.0,"1. Автоматизация процессов и улучшение коммуникации.

Вывод: необходимо рассмотреть возможность автоматизации некоторых процессов работы с «клиентами» и улучшения коммуникации через создание красивых email-писем."
Лескова Марина,1.0,1.0,10.0,1.0,1.0,1.0,"1. Снять с руководителя часть непрофильных задач для освобождения времени работы с сотрудниками.

   Вывод: необходимо перераспределить нагрузку руководителя, чтобы он мог больше времени уделять работе с сотрудниками и повысить эффективность управления.",,,,,,,,,,
Блажник Алексей,1.0,1.0,10.0,1.0,1.0,1.0,,,,,,,,,,,
Хармс АБ,,,,,,,,1.0,10.0,1.0,1.0,,,,,,
Московская Женя,1.0,1.0,10.0,1.0,1.0,1.0,,,,,,,,,,,
Манн Юля,,,,,,,,0.0,6.0,1.0,1.0,,,,,,
Аликина Анна,,,,,,,,,,,,,1.0,1.0,10.0,1.0,
Роман Самохвалов,1.0,1.0,10.0,1.0,1.0,1.0,"1. Руководитель — лучший за последние годы.

Вывод: сотрудники высоко оценивают работу руководителя.",,,,,,,,,,
Островский Андрей Федорович,0.0,0.0,2.0,0.0,0.0,0.0,,,,,,,,,,,
Леонтьев Виктор,,,,,,,,,,,,,1.0,0.0,,0.0,
Толстова Анастасия,1.0,1.0,9.0,1.0,1.0,1.0,,,,,,,,,,,
Иосиф Горбанидце,,,,,,,,1.0,6.0,1.0,0.0,,,,,,
Виктор Лем,1.0,1.0,10.0,1.0,1.0,1.0,"1. Лучший тимлид за всю историю.

Вывод: сотрудники высоко оценивают руководителя и его работу.",,,,,,,,,,
Ульянов  Константин,1.0,1.0,9.0,1.0,1.0,1.0,"1. Руководитель делится интересными знаниями и фактами о развитии, что вызывает положительные отзывы.

Вывод: руководитель эффективно использует свои навыки коммуникации и способен заинтересовать сотрудников.",,,,,,,,,,
Гюго Александр,1.0,1.0,10.0,1.0,1.0,1.0,,,,,,,,,,,
Бронте Николай,,,,,,,,1.0,10.0,1.0,1.0,,,,,,
Татьяна Генадьенко,1.0,1.0,7.0,1.0,0.0,1.0,"1. Руководитель мог бы улучшить коммуникацию по передаче технического задания (ТЗ) для задач команды, описывая их сразу в общем ТЗ, а не хаотично по пунктам в разрозненных сообщениях.

Вывод: руководителю следует пересмотреть подход к передаче ТЗ, чтобы сделать процесс более эффективным и понятным для команды.",,,,,,,,,,
Ирина Грибоедова,1.0,1.0,10.0,1.0,1.0,1.0,"1. Ира — отличный руководитель. Она тонко чувствует сильные и слабые стороны своих подчинённых и даёт им разноплановые задачи. Это позволяет сотрудникам развиваться и не застревать на одном уровне.

**Вывод:** Ира — эффективный руководитель, который способствует профессиональному росту своих подчинённых.",,,,,,,,,,
Амелия Ведищева,,,,,,,,1.0,10.0,1.0,1.0,,,,,,
Рейм Мария,1.0,1.0,10.0,1.0,1.0,1.0,,,,,,,,,,,
Теодор Драйзер,,,,,,,,,,,,,1.0,1.0,6.0,1.0,
Витязев АВ,,,,,,,,1.0,,0.0,0.0,,,,,,
